,fileid,title,year,month
0,135908617.txt,"Spiritualist - No.1, November 19th 1869 - P.20",1869,November
1,135908618.txt,"Spiritualist - No.2, December 3rd 1869 - P.20",1869,December
2,135908619.txt,"Spiritualist - No.3, December 17th 1869 - P.20",1869,December
3,135908620.txt,"Spiritualist - No.4, December 31st 1869 - P.20",1869,December
4,135908621.txt,"Spiritualist - No.5, January 14th 1870 - P.20",1870,January
5,135908622.txt,"Spiritualist - No.6, February 15th 1870 - P.20",1870,February
6,135908623.txt,"Spiritualist - No.7, March 15th 1870 - P.20",1870,March
7,135908624.txt,"Spiritualist - No.8, April 15 1870 - P.20",1870,April
8,135908625.txt,"Spiritualist - No.9, May 15th 1870 - P.20",1870,May
9,135908626.txt,"Spiritualist - No.10, June 15th 1870 - P.20",1870,June
10,135908627.txt,"Spiritualist - No.11, July 15th 1870 - P.20",1870,July
11,135908628.txt,"Spiritualist - No.12, August 15th 1870 - P.20",1870,August
12,135908629.txt,"Spiritualist - No.13, September 15th 1870 - P.20",1870,September
13,135908630.txt,"Spiritualist - No.14, October 15th 1870 - P.20",1870,October
14,137340974.txt,"Spiritualist - No.15, November 15th 1870 - P.20",1870,November
15,135908631.txt,"Spiritualist - No.16, December 15th 1870 - P.20",1870,December
16,135908632.txt,"Spiritualist - No.17, January 15th 1871 - P.20",1871,January
17,135908633.txt,"Spiritualist - No.18, February 15th 1871 - P.20",1871,February
18,135908634.txt,"Spiritualist - No.19, March 15th 1871 - P.20",1871,March
19,135908635.txt,"Spiritualist - No.20, April 15th 1871 - P.20",1871,April
20,135908636.txt,"Spiritualist - No.21, May 15th 1871 - P.20",1871,May
21,135908637.txt,"Spiritualist - No.22, June 15th 1871 - P.20",1871,June
22,135908638.txt,"Spiritualist - No.23, July 15th 1871 - P.20",1871,July
23,135908639.txt,"Spiritualist - No.24, August 15th 1871 - P.20",1871,August
24,135908640.txt,"Spiritualist - No.25, September 15th 1871 - P.20",1871,September
25,135908641.txt,"Spiritualist - No.26, October 15th 1871 - P.20",1871,October
26,135908642.txt,"Spiritualist - No.27, November 15th 1871 - P.20",1871,November
27,135908643.txt,"Spiritualist - No.28, December 15th 1871 - P.20",1871,December
28,135908644.txt,"Spiritualist - No.29, January 15th 1872 - P.20",1872,January
29,135908645.txt,"Spiritualist - No.30, February 15th 1872 - P.20",1872,February
30,135908646.txt,"Spiritualist - No.31, March 15th 1872 - P.20",1872,March
31,135908647.txt,"Spiritualist - No.32, April 15th 1872 - P.20",1872,April
32,135908648.txt,"Spiritualist - No.33, May 15th 1872 - P.20",1872,May
33,135908649.txt,"Spiritualist - No.34, June 15th 1872 - P.20",1872,June
34,135908650.txt,"Spiritualist - No.35, July 15th 1872 - P.20",1872,July
35,135908651.txt,"Spiritualist - No.36, August 15th 1872 - P.20",1872,August
36,135908652.txt,"Spiritualist - No.37, September 15th 1872 - P.20",1872,September
37,135908653.txt,"Spiritualist - No.38, October 15th 1872 - P.20",1872,October
38,135908654.txt,"Spiritualist - No.39, November 1st 1872 - P.20",1872,November
39,135908656.txt,"Spiritualist - No.40, November 15 1872 - P.20",1872,November
40,135908657.txt,"Spiritualist - No.41, December 1st 1872 - P.20",1872,December
41,135908658.txt,"Spiritualist - No.42, December 15th 1872 - P.20",1872,December
42,135908659.txt,"Spiritualist - No.43, January 1st 1873 - P.20",1873,January
43,135908660.txt,"Spiritualist - No.44, January 15th 1873 - P.20",1873,January
44,135908661.txt,"Spiritualist - No.45, February 1st 1873 - P.20",1873,February
45,135908662.txt,"Spiritualist - No.46, February 15th 1873 - P.20",1873,February
46,135908663.txt,"Spiritualist - No.47, March 1st 1873 - P.20",1873,March
47,135908664.txt,"Spiritualist - No.48, March 15th 1873 - P.20",1873,March
48,135908665.txt,"Spiritualist - No.49, April 1st 1873 - P.20",1873,April
49,135908666.txt,"Spiritualist - No.50, April 15th 1873 - P.20",1873,April
50,135908667.txt,"Spiritualist - No.51, May 1st 1873 - P.20",1873,May
51,135908668.txt,"Spiritualist - No.52, May 15th 1873 - P.20",1873,May
52,135908669.txt,"Spiritualist - No.53, June 1st 1873 - P.20",1873,June
53,135908670.txt,"Spiritualist - No.54, June 15th 1873 - P.20",1873,June
54,135908671.txt,"Spiritualist - No.55, July 1st 1873 - P.20",1873,July
55,135908672.txt,"Spiritualist - No.56, July 15th 1873 - P.20",1873,July
56,135908673.txt,"Spiritualist - No.57, August 1st 1873 - P.20",1873,August
57,135908674.txt,"Spiritualist - No.58, August 15th 1873 - P.20",1873,August
58,135908675.txt,"Spiritualist - No.59, September 1st 1873 - P.20",1873,September
59,135908676.txt,"Spiritualist - No.60, September 15th 1873 - P.20",1873,September
60,135908677.txt,"Spiritualist - No.61, October 1st 1873 - P.20",1873,October
61,135908678.txt,"Spiritualist - No.62, October 15th 1873 - P.20",1873,October
62,135908679.txt,"Spiritualist - No.63, November 1st 1873 - P.20",1873,November
63,135908680.txt,"Spiritualist - No.64, November 14th 1873 - P.20",1873,November
64,135908681.txt,"Spiritualist - No.65, November 21st 1873 - P.20",1873,November
65,135908682.txt,"Spiritualist - No.66, November 28th 1873 - P.20",1873,November
66,135908683.txt,"Spiritualist - No.67, December 5th 1873 - P.20",1873,December
67,135908684.txt,"Spiritualist - No.68, December 12th 1873 - P.20",1873,December
68,135908685.txt,"Spiritualist - No.69, December 19th 1873 - P.20",1873,December
69,135908686.txt,"Spiritualist - No.70, December 26th 1873 - P.20",1873,December
70,135908688.txt,"Spiritualist newspaper - No.71, January 2nd 1874 - P.20",1874,January
71,135908689.txt,"Spiritualist newspaper - No.72, January 9th 1874 - P.20",1874,January
72,135908690.txt,"Spiritualist newspaper - No.73, January 16th 1874 - P.20",1874,January
73,135908691.txt,"Spiritualist newspaper - No.74, January 23rd 1874 - P.20",1874,January
74,135908692.txt,"Spiritualist newspaper - No.75, January 30th 1874 - P.20",1874,January
75,135908693.txt,"Spiritualist newspaper - No.76, February 6th 1874 - P.20",1874,February
76,135908694.txt,"Spiritualist newspaper - No.77, February 13th 1874 - P.20",1874,February
77,135908695.txt,"Spiritualist newspaper - No.78, February 20th 1874 - P.20",1874,February
78,135908696.txt,"Spiritualist newspaper - No.79, February 27th 1874 - P.20",1874,February
79,135908697.txt,"Spiritualist newspaper - No.80, March 6th 1874 - P.20",1874,March
80,135908698.txt,"Spiritualist newspaper - No.81, March 13th 1874 - P.20",1874,March
81,135908699.txt,"Spiritualist newspaper - No.82, March 20th 1874 - P.20",1874,March
82,135908700.txt,"Spiritualist newspaper - No.83, March 27th 1874 - P.20",1874,March
83,135908701.txt,"Spiritualist newspaper - No.84, April 3rd 1874 - P.20",1874,April
84,135908702.txt,"Spiritualist newspaper - No.85, April 10th 1874 - P.20",1874,April
85,135908703.txt,"Spiritualist newspaper - No.86, April 17th 1874 - P.20",1874,April
86,135908704.txt,"Spiritualist newspaper - No.87, April 24th 1874 - P.20",1874,April
87,135908705.txt,"Spiritualist newspaper - No.88, May 1st 1874 - P.20",1874,May
88,135908706.txt,"Spiritualist newspaper - No.89, May 8th 1874 - P.20",1874,May
89,135908707.txt,"Spiritualist newspaper - No.90, May 15th 1874 - P.20",1874,May
90,135908708.txt,"Spiritualist newspaper - No.91, May 22nd 1874 - P.20",1874,May
91,135908709.txt,"Spiritualist newspaper - No.92, May 29th 1874 - P.20",1874,May
92,135908710.txt,"Spiritualist newspaper - No.93, June 5th 1874 - P.20",1874,June
93,135908711.txt,"Spiritualist newspaper - No.94, June 12th 1874 - P.20",1874,June
94,135908712.txt,"Spiritualist newspaper - No.95, June 19th 1874 - P.20",1874,June
95,135908713.txt,"Spiritualist newspaper - No.96, June 26th 1874 - P.20",1874,June
96,135908723.txt,"Spiritualist newspaper - No.97, July 3rd 1874 - P.20",1874,July
97,135908724.txt,"Spiritualist newspaper - No.98, July 10th 1874 - P.20",1874,July
98,135908725.txt,"Spiritualist newspaper - No.99, July 17th 1874 - P.20",1874,July
99,135908726.txt,"Spiritualist newspaper - No.100, July 24th 1874 - P.20",1874,July
100,135908727.txt,"Spiritualist newspaper - No.101, July 31st 1874 - P.20",1874,July
101,135908728.txt,"Spiritualist newspaper - No.102, August 7th 1874 - P.20",1874,August
102,135908729.txt,"Spiritualist newspaper - No.103, August 14th 1874 - P.20",1874,August
103,135908730.txt,"Spiritualist newspaper - No.104, August 21st 1874 - P.20",1874,August
104,135908731.txt,"Spiritualist newspaper - No.105, August 28th 1874 - P.20",1874,August
105,135908732.txt,"Spiritualist newspaper - No.106, September 4th 1874 - P.20",1874,September
106,135908733.txt,"Spiritualist newspaper - No.107, September 11th 1874 - P.20",1874,September
107,135908734.txt,"Spiritualist newspaper - No.108, September 18th 1874 - P.20",1874,September
108,135908735.txt,"Spiritualist newspaper - No.109, September 25th 1874 - P.20",1874,September
109,135908736.txt,"Spiritualist newspaper - No.110, October 2nd 1874 - P.20",1874,October
110,135908737.txt,"Spiritualist newspaper - No.111, October 9th 1874 - P.20",1874,October
111,135908738.txt,"Spiritualist newspaper - No.112, October 16th 1874 - P.20",1874,October
112,135908739.txt,"Spiritualist newspaper - No.113, October 23rd 1874 - P.20",1874,October
113,135908740.txt,"Spiritualist newspaper - No.114, October 30th 1874 - P.20",1874,October
114,135908741.txt,"Spiritualist newspaper - No.115, November 6th 1874 - P.20",1874,November
115,135908742.txt,"Spiritualist newspaper - No.116, November 13th 1874 - P.20",1874,November
116,135908743.txt,"Spiritualist newspaper - No.117, November 20th 1874 - P.20",1874,November
117,135908744.txt,"Spiritualist newspaper - No.118, November 27th 1874 - P.20",1874,November
118,135908745.txt,"Spiritualist newspaper - No.119, December 4th 1874 - P.20",1874,December
119,135908746.txt,"Spiritualist newspaper - No.120, December 11th 1874 - P.20",1874,December
120,135908747.txt,"Spiritualist newspaper - No.121, December 18th 1874 - P.20",1874,December
121,135908748.txt,"Spiritualist newspaper - No.122, December 25th 1874 - P.20",1874,December
122,135912255.txt,"Spiritualist newspaper - No.123, January 1st 1875 - P.20",1875,January
123,135912256.txt,"Spiritualist newspaper - No.124, January 8th 1875 - P.20",1875,January
124,135912257.txt,"Spiritualist newspaper - No.125, January 15th 1875 - P.20",1875,January
125,135912258.txt,"Spiritualist newspaper - No.126, January 22nd 1875 - P.20",1875,January
126,135912259.txt,"Spiritualist newspaper - No.127, January 29th 1875 - P.20",1875,January
127,135912260.txt,"Spiritualist newspaper - No.128, February 5th 1875 - P.20",1875,February
128,135912261.txt,"Spiritualist newspaper - No.129, February 12th 1875 - P.20",1875,February
129,135912262.txt,"Spiritualist newspaper - No.130, February 19th 1875 - P.20",1875,February
130,135912263.txt,"Spiritualist newspaper - No.131, February 26th 1875 - P.20",1875,February
131,135912264.txt,"Spiritualist newspaper - No.132, March 5th 1875 - P.20",1875,March
132,135912265.txt,"Spiritualist newspaper - No.133, March 12th 1875 - P.20",1875,March
133,135912266.txt,"Spiritualist newspaper - No.134, March 19th 1875 - P.20",1875,March
134,135912267.txt,"Spiritualist newspaper - No.135, March 26th 1875 - P.20",1875,March
135,135912268.txt,"Spiritualist newspaper - No.136, April 2nd 1875 - P.20",1875,April
136,135912269.txt,"Spiritualist newspaper - No.137, April 9th 1875 - P.20",1875,April
137,135912270.txt,"Spiritualist newspaper - No.138, April 16th 1875 - P.20",1875,April
138,135912271.txt,"Spiritualist newspaper - No.139, April 23rd 1875 - P.20",1875,April
139,135912272.txt,"Spiritualist newspaper - No.140, April 30th 1875 - P.20",1875,April
140,135912273.txt,"Spiritualist newspaper - No.141, May 7th 1875 - P.20",1875,May
141,135912274.txt,"Spiritualist newspaper - No.142, May 14th 1875 - P.20",1875,May
142,135912275.txt,"Spiritualist newspaper - No.143, May 21st 1875 - P.20",1875,May
143,135912276.txt,"Spiritualist newspaper - No.144, May 28th 1875 - P.20",1875,May
144,135912277.txt,"Spiritualist newspaper - No.145, June 4th 1875 - P.20",1875,June
145,135912278.txt,"Spiritualist newspaper - No.146, June 11th 1875 - P.20",1875,June
146,135912279.txt,"Spiritualist newspaper - No.147, June 18th 1875 - P.20",1875,June
147,135912280.txt,"Spiritualist newspaper - No.148, June 25th 1875 - P.20",1875,June
148,135912281.txt,"Spiritualist newspaper - No.149, July 2nd 1875 - P.20",1875,July
149,135912282.txt,"Spiritualist newspaper - No.150, July 9th 1875 - P.20",1875,July
150,135912283.txt,"Spiritualist newspaper - No.151, July 16th 1875 - P.20",1875,July
151,135912284.txt,"Spiritualist newspaper - No.152, July 23rd 1875 - P.20",1875,July
152,135912285.txt,"Spiritualist newspaper - No.153, July 30th 1875 - P.20",1875,July
153,135912286.txt,"Spiritualist newspaper - No.154, August 6th 1875 - P.20",1875,August
154,135912287.txt,"Spiritualist newspaper - No.155, August 13th 1875 - P.20",1875,August
155,135912288.txt,"Spiritualist newspaper - No.156, August 20th 1875 - P.20",1875,August
156,135912289.txt,"Spiritualist newspaper - No.157, August 27th 1875 - P.20",1875,August
157,135912290.txt,"Spiritualist newspaper - No.158, September 3rd 1875 - P.20",1875,September
158,135912291.txt,"Spiritualist newspaper - No.159, September 10th 1875 - P.20",1875,September
159,135912292.txt,"Spiritualist newspaper - No.160, September 17th 1875 - P.20",1875,September
160,135912293.txt,"Spiritualist newspaper - No.161, September 24th 1875 - P.20",1875,September
161,135912294.txt,"Spiritualist newspaper - No.162, October 1st 1875 - P.20",1875,October
162,135912295.txt,"Spiritualist newspaper - No.163, October 8th 1875 - P.20",1875,October
163,135912296.txt,"Spiritualist newspaper - No.164, October 15th 1875 - P.20",1875,October
164,135912297.txt,"Spiritualist newspaper - No.165, October 22nd 1875 - P.20",1875,October
165,135912298.txt,"Spiritualist newspaper - No.166, October 29th 1875 - P.20",1875,October
166,135912299.txt,"Spiritualist newspaper - No.167, November 5th 1875 - P.20",1875,November
167,135912300.txt,"Spiritualist newspaper - No.168, November 12th 1875 - P.20",1875,November
168,135912301.txt,"Spiritualist newspaper - No.169, November 19th 1875 - P.20",1875,November
169,135912302.txt,"Spiritualist newspaper - No.170, November 26th 1875 - P.20",1875,November
170,135912303.txt,"Spiritualist newspaper - No.171, December 3rd 1875 - P.20",1875,December
171,135912304.txt,"Spiritualist newspaper - No.172, December 10th 1875 - P.20",1875,December
172,135912305.txt,"Spiritualist newspaper - No.173, December 17th 1875 - P.20",1875,December
173,135912306.txt,"Spiritualist newspaper - No.174, December 24th 1875 - P.20",1875,December
174,135912307.txt,"Spiritualist newspaper - No.175, December 31st 1875 - P.20",1875,December
175,135912309.txt,"Spiritualist newspaper - No.176, January 7th 1876 - P.20",1876,January
176,135912310.txt,"Spiritualist newspaper - No.177, January 14th 1876 - P.20",1876,January
177,135912311.txt,"Spiritualist newspaper - No.178, January 21st 1876 - P.20",1876,January
178,135912312.txt,"Spiritualist newspaper - No.179, January 28th 1876 - P.20",1876,January
179,135912313.txt,"Spiritualist newspaper - No.180, February 4th 1876 - P.20",1876,February
180,135912314.txt,"Spiritualist newspaper - No.181, February 11th 1876 - P.20",1876,February
181,135912315.txt,"Spiritualist newspaper - No.182, February 18th 1876 - P.20",1876,February
182,135912316.txt,"Spiritualist newspaper - No.183, February 25th 1876 - P.20",1876,February
183,135912317.txt,"Spiritualist newspaper - No.184, March 3rd 1876 - P.20",1876,March
184,135912318.txt,"Spiritualist newspaper - No.185, March 10th 1876 - P.20",1876,March
185,135912319.txt,"Spiritualist newspaper - No.186, March 17th 1876 - P.20",1876,March
186,135912320.txt,"Spiritualist newspaper - No.187, March 24th 1876 - P.20",1876,March
187,135912321.txt,"Spiritualist newspaper - No.188, March 31st 1876 - P.20",1876,March
188,135912322.txt,"Spiritualist newspaper - No.189, April 7th 1876 - P.20",1876,April
189,135912323.txt,"Spiritualist newspaper - No.190, April 14th 1876 - P.20",1876,April
190,135912324.txt,"Spiritualist newspaper - No.191, April 21st 1876 - P.20",1876,April
191,135912325.txt,"Spiritualist newspaper - No.192, April 28th 1876 - P.20",1876,April
192,135912326.txt,"Spiritualist newspaper - No.193, May 5th 1876 - P.20",1876,May
193,135912327.txt,"Spiritualist newspaper - No.194, May 12th 1876 - P.20",1876,May
194,135912328.txt,"Spiritualist newspaper - No.195, May 19th 1876 - P.20",1876,May
195,135912329.txt,"Spiritualist newspaper - No.196, May 26th 1876 - P.20",1876,May
196,135912330.txt,"Spiritualist newspaper - No.197, June 2nd 1876 - P.20",1876,June
197,135912331.txt,"Spiritualist newspaper - No.198, June 9th 1876 - P.20",1876,June
198,135912332.txt,"Spiritualist newspaper - No.199, June 16th 1876 - P.20",1876,June
199,135912333.txt,"Spiritualist newspaper - No.200, June 23rd 1876 - P.20",1876,June
200,135912334.txt,"Spiritualist newspaper - No.201, June 30th 1876 - P.20",1876,June
201,135912335.txt,"Spiritualist newspaper - No.202, July 7th 1876 - P.20",1876,July
202,135912336.txt,"Spiritualist newspaper - No.203, July 14th 1876 - P.20",1876,July
203,135912337.txt,"Spiritualist newspaper - No.204, July 21st 1876 - P.20",1876,July
204,135912338.txt,"Spiritualist newspaper - No.205, July 28th 1876 - P.20",1876,July
205,135942057.txt,"Spiritualist newspaper - No.206, August 4th 1876 - P.20",1876,August
206,135942058.txt,"Spiritualist newspaper - No.207, August 11th 1876 - P.20",1876,August
207,135942059.txt,"Spiritualist newspaper - No.208, August 18th 1876 - P.20",1876,August
208,135942060.txt,"Spiritualist newspaper - No.209, August 25th 1876 - P.20",1876,August
209,135942061.txt,"Spiritualist newspaper - No.210, September 1st 1876 - P.20",1876,September
210,135942062.txt,"Spiritualist newspaper - No.211, September 8th 1876 - P.20",1876,September
211,135942063.txt,"Spiritualist newspaper - No.212, September 15th 1876 - P.20",1876,September
212,135942064.txt,"Spiritualist newspaper - No.213, September 22nd 1876 - P.20",1876,September
213,135942065.txt,"Spiritualist newspaper - No.214, September 29th 1876 - P.20",1876,September
214,135942066.txt,"Spiritualist newspaper - No.215, October 6th 1876 - P.20",1876,October
215,135942067.txt,"Spiritualist newspaper - No.216, October 13th 1876 - P.20",1876,October
216,135944132.txt,"Spiritualist newspaper - No.217, October 20th 1876 - P.20",1876,October
217,135950013.txt,"Spiritualist newspaper - No.218, October 27th 1876 - P.20",1876,October
218,135950014.txt,"Spiritualist newspaper - No.219, November 3rd 1876 - P.20",1876,November
219,135950015.txt,"Spiritualist newspaper - No.220, November 10th 1876 - P.20",1876,November
220,135950016.txt,"Spiritualist newspaper - No.221, November 17th 1876 - P.20",1876,November
221,135950017.txt,"Spiritualist newspaper - No.222, November 24th 1876 - P.20",1876,November
222,135950018.txt,"Spiritualist newspaper - No.223, December 1st 1876 - P.20",1876,December
223,135950019.txt,"Spiritualist newspaper - No.224, December 8th 1876 - P.20",1876,December
224,135950020.txt,"Spiritualist newspaper - No.225, December 15th 1876 - P.20",1876,December
225,135950021.txt,"Spiritualist newspaper - No.226, December 22nd 1876 - P.20",1876,December
226,135950022.txt,"Spiritualist newspaper - No.227, December 29th 1876 - P.20",1876,December
227,135950024.txt,"Spiritualist newspaper - No.228, January 5th 1877 - P.20",1877,January
228,135950025.txt,"Spiritualist newspaper - No.229, January 12th 1877 - P.20",1877,January
229,135950026.txt,"Spiritualist newspaper - No.230, January 19th 1877 - P.20",1877,January
230,135950027.txt,"Spiritualist newspaper - No.231, January 26th 1877 - P.20",1877,January
231,135950028.txt,"Spiritualist newspaper - No.232, February 2nd 1877 - P.20",1877,February
232,135950029.txt,"Spiritualist newspaper - No.233, February 9th 1877 - P.20",1877,February
233,135950030.txt,"Spiritualist newspaper - No.234, February 16th 1877 - P.20",1877,February
234,135950031.txt,"Spiritualist newspaper - No.235, February 23rd 1877 - P.20",1877,February
235,135950032.txt,"Spiritualist newspaper - No.236, March 2nd 1877 - P.20",1877,March
236,135950033.txt,"Spiritualist newspaper - No.237, March 9th 1877 - P.20",1877,March
237,135950034.txt,"Spiritualist newspaper - No.238, March 23rd 1877 - P.20",1877,March
238,135950035.txt,"Spiritualist newspaper - No.239, March 23rd 1877 - P.20",1877,March
239,135950036.txt,"Spiritualist newspaper - No.240, March 30th 1877 - P.20",1877,March
240,135950037.txt,"Spiritualist newspaper - No.241, April 6th 1877 - P.20",1877,April
241,135950038.txt,"Spiritualist newspaper - No.242, April 13th 1877 - P.20",1877,April
242,135950039.txt,"Spiritualist newspaper - No.243, April 20th 1877 - P.20",1877,April
243,135950040.txt,"Spiritualist newspaper - No.244, April 27th 1877 - P.20",1877,April
244,135950041.txt,"Spiritualist newspaper - No.245, May 4th 1877 - P.20",1877,May
245,135950042.txt,"Spiritualist newspaper - No.246, May 11th 1877 - P.20",1877,May
246,135954027.txt,"Spiritualist newspaper - No.247, May 18th 1877 - P.20",1877,May
247,135954028.txt,"Spiritualist newspaper - No.248, May 25th 1877 - P.20",1877,May
248,135954029.txt,"Spiritualist newspaper - No.249, June 1st 1877 - P.20",1877,June
249,135954030.txt,"Spiritualist newspaper - No.250, June 8th 1877 - P.20",1877,June
250,135954031.txt,"Spiritualist newspaper - No.251, June 15th 1877 - P.20",1877,June
251,135954032.txt,"Spiritualist newspaper - No.252, June 22nd 1877 - P.20",1877,June
252,135954033.txt,"Spiritualist newspaper - No.253, June 29th 1877 - P.20",1877,June
253,136341109.txt,"Spiritualist newspaper - No.254, July 6th 1877 - P.20",1877,July
254,136341110.txt,"Spiritualist newspaper - No.255, July 13th 1877 - P.20",1877,July
255,136341111.txt,"Spiritualist newspaper - No.256, July 20th 1877 - P.20",1877,July
256,136341520.txt,"Spiritualist newspaper - No.257, July 27th 1877 - P.20",1877,July
257,136342517.txt,"Spiritualist newspaper - No.258, August 3rd 1877 - P.20",1877,August
258,136343886.txt,"Spiritualist newspaper - No.259, August 10th 1877 - P.20",1877,August
259,136344883.txt,"Spiritualist newspaper - No.260, August 17th 1877 - P.20",1877,August
260,136345892.txt,"Spiritualist newspaper - No.261, August 24th 1877 - P.20",1877,August
261,136345893.txt,"Spiritualist newspaper - No.262, August 31st 1877 - P.20",1877,August
262,136345894.txt,"Spiritualist newspaper - No.263, September 7th 1877 - P.20",1877,September
263,136345895.txt,"Spiritualist newspaper - No.264, September 14th 1877 - P.20",1877,September
264,136345896.txt,"Spiritualist newspaper - No.265, September 21st 1877 - P.20",1877,September
265,136345897.txt,"Spiritualist newspaper - No.266, September 28th 1877 - P.20",1877,September
266,136345898.txt,"Spiritualist newspaper - No.267, October 5th 1877 - P.20",1877,October
267,136345899.txt,"Spiritualist newspaper - No.268, October 12th 1877 - P.20",1877,October
268,136345900.txt,"Spiritualist newspaper - No.269, October 19th 1877 - P.20",1877,October
269,136345901.txt,"Spiritualist newspaper - No.270, October 26th 1877 - P.20",1877,October
270,136345902.txt,"Spiritualist newspaper - No.271, November 2nd 1877 - P.20",1877,November
271,136345903.txt,"Spiritualist newspaper - No.272, November 9th 1877 - P.20",1877,November
272,136345904.txt,"Spiritualist newspaper - No.273, November 16th 1877 - P.20",1877,November
273,136345905.txt,"Spiritualist newspaper - No.274, November 23rd 1877 - P.20",1877,November
274,136345906.txt,"Spiritualist newspaper - No.275, November 30th 1877 - P.20",1877,November
275,136345907.txt,"Spiritualist newspaper - No.276, December 7th 1877 - P.20",1877,December
276,136345908.txt,"Spiritualist newspaper - No.277, December 14th 1877 - P.20",1877,December
277,136345909.txt,"Spiritualist newspaper - No.278, December 21st 1877 - P.20",1877,December
278,136345910.txt,"Spiritualist newspaper - No.279, December 28th 1877 - P.20",1877,December
279,136345912.txt,"Spiritualist newspaper - No.280, January 4th 1878 - P.20",1878,January
280,136345913.txt,"Spiritualist newspaper - No.281, January 11th 1878 - P.20",1878,January
281,136345914.txt,"Spiritualist newspaper - No.282, January 18th 1878 - P.20",1878,January
282,136345915.txt,"Spiritualist newspaper - No.283, January 25th 1878 - P.20",1878,January
283,136345916.txt,"Spiritualist newspaper - No.284, February 1st 1878 - P.20",1878,February
284,136345917.txt,"Spiritualist newspaper - No.285, February 8th 1878 - P.20",1878,February
285,136345918.txt,"Spiritualist newspaper - No.286, February 15th 1878 - P.20",1878,February
286,136345919.txt,"Spiritualist newspaper - No.287, February 22nd 1878 - P.20",1878,February
287,136345920.txt,"Spiritualist newspaper - No.288, March 1st 1878 - P.20",1878,March
288,136345921.txt,"Spiritualist newspaper - No.289, March 8th 1878 - P.20",1878,March
289,136345922.txt,"Spiritualist newspaper - No.290, March 15th 1878 - P.20",1878,March
290,136345923.txt,"Spiritualist newspaper - No.291, March 22nd 1878 - P.20",1878,March
291,136345926.txt,"Spiritualist newspaper - No.292, March 29th 1878 - P.20",1878,March
292,136346025.txt,"Spiritualist newspaper - No.293, April 5th 1878 - P.20",1878,April
293,136346026.txt,"Spiritualist newspaper - No.294, April 12th 1878 - P.20",1878,April
294,136346027.txt,"Spiritualist newspaper - No.295, April 19th 1878 - P.20",1878,April
295,136346042.txt,"Spiritualist newspaper - No.296, April 26th 1878 - P.20",1878,April
296,136346045.txt,"Spiritualist newspaper - No.297, May 3rd 1878 - P.20",1878,May
297,136346048.txt,"Spiritualist newspaper - No.298, May 10th 1878 - P.20",1878,May
298,136346049.txt,"Spiritualist newspaper - No.299, May 17th 1878 - P.20",1878,May
299,136346050.txt,"Spiritualist newspaper - No.300, May 24th 1878 - P.20",1878,May
300,136346067.txt,"Spiritualist newspaper - No.301, May 31st 1878 - P.20",1878,May
301,136346072.txt,"Spiritualist newspaper - No.302, June 7th 1878 - P.20",1878,June
302,136346073.txt,"Spiritualist newspaper - No.303, June 14th 1878 - P.20",1878,June
303,136346080.txt,"Spiritualist newspaper - No.304, June 21st 1878 - P.20",1878,June
304,136346081.txt,"Spiritualist newspaper - No.305, June 28th 1878 - P.20",1878,June
305,136346083.txt,"Spiritualist newspaper - No.306, July 6th 1878 - P.20",1878,July
306,136346084.txt,"Spiritualist newspaper - No.307, July 12th 1878 - P.20",1878,July
307,136346085.txt,"Spiritualist newspaper - No.308, July 19th 1878 - P.20",1878,July
308,136346086.txt,"Spiritualist newspaper - No.309, July 26th 1878 - P.20",1878,July
309,136346087.txt,"Spiritualist newspaper - No.310, August 2nd 1878 - P.20",1878,August
310,136346088.txt,"Spiritualist newspaper - No.311, August 9th 1878 - P.20",1878,August
311,136346089.txt,"Spiritualist newspaper - No.312, August 16th 1878 - P.20",1878,August
312,136346090.txt,"Spiritualist newspaper - No.313, August 23rd 1878 - P.20",1878,August
313,136346091.txt,"Spiritualist newspaper - No.314, August 30th 1878 - P.20",1878,August
314,136346092.txt,"Spiritualist newspaper - No.315, September 6th 1878 - P.20",1878,September
315,136346093.txt,"Spiritualist newspaper - No.316, September 13th 1878 - P.20",1878,September
316,136346094.txt,"Spiritualist newspaper - No.317, September 20th 1878 - P.20",1878,September
317,136346095.txt,"Spiritualist newspaper - No.318, September 27th 1878 - P.20",1878,September
318,136346096.txt,"Spiritualist newspaper - No.319, October 4th 1878 - P.20",1878,October
319,136346097.txt,"Spiritualist newspaper - No.320, October 11th 1878 - P.20",1878,October
320,136346098.txt,"Spiritualist newspaper - No.321, October 18th 1878 - P.20",1878,October
321,136346099.txt,"Spiritualist newspaper - No.322, October 25th 1878 - P.20",1878,October
322,136346100.txt,"Spiritualist newspaper - No.323, November 1st 1878 - P.20",1878,November
323,136346101.txt,"Spiritualist newspaper - No.324, November 8th 1878 - P.20",1878,November
324,136346102.txt,"Spiritualist newspaper - No.325, November 15th 1878 - P.20",1878,November
325,136346103.txt,"Spiritualist newspaper - No.326, November 22nd 1878 - P.20",1878,November
326,136346104.txt,"Spiritualist newspaper - No.327, November 29th 1878 - P.20",1878,November
327,136346105.txt,"Spiritualist newspaper - No.328, December 6th 1878 - P.20",1878,December
328,136346106.txt,"Spiritualist newspaper - No.329, December 13th 1878 - P.20",1878,December
329,136346107.txt,"Spiritualist newspaper - No.330, December 20th 1878 - P.20",1878,December
330,136346108.txt,"Spiritualist newspaper - No.331, December 28th 1878 - P.20",1878,December
331,136346113.txt,"Spiritualist newspaper - No.332, January 3rd 1879 - P.20",1879,January
332,136346114.txt,"Spiritualist newspaper - No.333, January 10th 1879 - P.20",1879,January
333,136346115.txt,"Spiritualist newspaper - No.334, January 17th 1879 - P.20",1879,January
334,136346116.txt,"Spiritualist newspaper - No.335, January 24th 1879 - P.20",1879,January
335,136346117.txt,"Spiritualist newspaper - No.336, January 31st 1879 - P.20",1879,January
336,136346118.txt,"Spiritualist newspaper - No.337, February 7th 1879 - P.20",1879,February
337,136346119.txt,"Spiritualist newspaper - No.338, February 14th 1879 - P.20",1879,February
338,136346120.txt,"Spiritualist newspaper - No.339, February 21st 1879 - P.20",1879,February
339,136346121.txt,"Spiritualist newspaper - No.340, February 28th 1879 - P.20",1879,February
340,136346122.txt,"Spiritualist newspaper - No.341, March 7th 1879 - P.20",1879,March
341,136346123.txt,"Spiritualist newspaper - No.342, March 14th 1879 - P.20",1879,March
342,136346124.txt,"Spiritualist newspaper - No.343, March 21st 1879 - P.20",1879,March
343,136346125.txt,"Spiritualist newspaper - No.344, March 28th 1879 - P.20",1879,March
344,136346126.txt,"Spiritualist newspaper - No.345, April 4th 1879 - P.20",1879,April
345,136346127.txt,"Spiritualist newspaper - No.346, April 11th 1879 - P.20",1879,April
346,136346128.txt,"Spiritualist newspaper - No.347, April 18th 1879 - P.20",1879,April
347,136346129.txt,"Spiritualist newspaper - No.348, April 25th 1879 - P.20",1879,April
348,136346130.txt,"Spiritualist newspaper - No.349, May 2nd 1879 - P.20",1879,May
349,136346131.txt,"Spiritualist newspaper - No.350, May 9th 1879 - P.20",1879,May
350,136346132.txt,"Spiritualist newspaper - No.351, May 16th 1879 - P.20",1879,May
351,136346133.txt,"Spiritualist newspaper - No.352, May 23rd 1879 - P.20",1879,May
352,136346134.txt,"Spiritualist newspaper - No.353, May 30th 1879 - P.20",1879,May
353,136346135.txt,"Spiritualist newspaper - No.354, June 6th 1879 - P.20",1879,June
354,136346136.txt,"Spiritualist newspaper - No.355, June 13th 1879 - P.20",1879,June
355,136346137.txt,"Spiritualist newspaper - No.356, June 20th 1879 - P.20",1879,June
356,136346138.txt,"Spiritualist newspaper - No.357, June 27th 1879 - P.20",1879,June
357,136346139.txt,"Spiritualist newspaper - No.358, July 4th 1879 - P.20",1879,July
358,136346140.txt,"Spiritualist newspaper - No.359, July 11th 1879 - P.20",1879,July
359,136346141.txt,"Spiritualist newspaper - No.360, July 18th 1879 - P.20",1879,July
360,136346142.txt,"Spiritualist newspaper - No.361, July 25th 1879 - P.20",1879,July
361,136346143.txt,"Spiritualist newspaper - No.362, August 1st 1879 - P.20",1879,August
362,136346144.txt,"Spiritualist newspaper - No.363, August 8th 1879 - P.20",1879,August
363,136346145.txt,"Spiritualist newspaper - No.364, August 15th 1879 - P.20",1879,August
364,136346146.txt,"Spiritualist newspaper - No.365, August 22nd 1879 - P.20",1879,August
365,136346147.txt,"Spiritualist newspaper - No.366, August 29th 1879 - P.20",1879,August
366,136346148.txt,"Spiritualist newspaper - No.367, September 5th 1879 - P.20",1879,September
367,136346149.txt,"Spiritualist newspaper - No.368, September 12th 1879 - P.20",1879,September
368,136346150.txt,"Spiritualist newspaper - No.369, September 19th 1879 - P.20",1879,September
369,136346151.txt,"Spiritualist newspaper - No.370, September 26th 1879 - P.20",1879,September
370,136346152.txt,"Spiritualist newspaper - No.371, October 3rd 1879 - P.20",1879,October
371,136346153.txt,"Spiritualist newspaper - No.372, October 10th 1879 - P.20",1879,October
372,136346154.txt,"Spiritualist newspaper - No.373, October 17th 1879 - P.20",1879,October
373,136346155.txt,"Spiritualist newspaper - No.374, October 24th 1879 - P.20",1879,October
374,136346156.txt,"Spiritualist newspaper - No.375, October 31st 1879 - P.20",1879,October
375,136346157.txt,"Spiritualist newspaper - No.376, November 7th 1879 - P.20",1879,November
376,136346158.txt,"Spiritualist newspaper - No.377, November 14th 1879 - P.20",1879,November
377,136346159.txt,"Spiritualist newspaper - No.378, November 21st 1879 - P.20",1879,November
378,136346160.txt,"Spiritualist newspaper - No.379, November 28th 1879 - P.20",1879,November
379,136346161.txt,"Spiritualist newspaper - No.380, December 5th 1879 - P.20",1879,December
380,136346162.txt,"Spiritualist newspaper - No.381, December 12th 1879 - P.20",1879,December
381,136346163.txt,"Spiritualist newspaper - No.382, December 19th 1879 - P.20",1879,December
382,136346164.txt,"Spiritualist newspaper - No.383, December 26th 1879 - P.20",1879,December
383,136346207.txt,"Spiritualist newspaper - No.384, January 2nd 1880 - P.20",1880,January
384,136346208.txt,"Spiritualist newspaper - No.385, January 9th 1880 - P.20",1880,January
385,136346209.txt,"Spiritualist newspaper - No.386, January 16th 1880 - P.20",1880,January
386,136346210.txt,"Spiritualist newspaper - No.387, January 23rd 1880 - P.20",1880,January
387,136346211.txt,"Spiritualist newspaper - No.388, January 30th 1880 - P.20",1880,January
388,136346212.txt,"Spiritualist newspaper - No.389, February 6th 1880 - P.20",1880,February
389,136346213.txt,"Spiritualist newspaper - No.390, February 13th 1880 - P.20",1880,February
390,136346214.txt,"Spiritualist newspaper - No.391, February 20th 1880 - P.20",1880,February
391,136346215.txt,"Spiritualist newspaper - No.392, February 27th 1880 - P.20",1880,February
392,136346216.txt,"Spiritualist newspaper - No.393, March 5th 1880 - P.20",1880,March
393,136346217.txt,"Spiritualist newspaper - No.394, March 12th 1880 - P.20",1880,March
394,136346218.txt,"Spiritualist newspaper - No.395, March 19th 1880 - P.20",1880,March
395,136346219.txt,"Spiritualist newspaper - No.396, March 26th 1880 - P.20",1880,March
396,136346220.txt,"Spiritualist newspaper - No.397, April 2nd 1880 - P.20",1880,April
397,136346221.txt,"Spiritualist newspaper - No.398, April 9th 1880 - P.20",1880,April
398,136346222.txt,"Spiritualist newspaper - No.399, April 16th 1880 - P.20",1880,April
399,136346223.txt,"Spiritualist newspaper - No.400, April 23rd 1880 - P.20",1880,April
400,136346224.txt,"Spiritualist newspaper - No.401, April 30th 1880 - P.20",1880,April
401,136346225.txt,"Spiritualist newspaper - No.402, May 7th 1880 - P.20",1880,May
402,136346226.txt,"Spiritualist newspaper - No.403, May 14th 1880 - P.20",1880,May
403,136346227.txt,"Spiritualist newspaper - No.404, May 21st 1880 - P.20",1880,May
404,136346228.txt,"Spiritualist newspaper - No.405, May 28th 1880 - P.20",1880,May
405,136346229.txt,"Spiritualist newspaper - No.406, June 4th 1880 - P.20",1880,June
406,136346230.txt,"Spiritualist newspaper - No.407, June 11th 1880 - P.20",1880,June
407,136346231.txt,"Spiritualist newspaper - No.408, June 18th 1880 - P.20",1880,June
408,136346232.txt,"Spiritualist newspaper - No.409, June 25th 1880 - P.20",1880,June
409,136346233.txt,"Spiritualist newspaper - No.410, July 2nd 1880 - P.20",1880,July
410,136346234.txt,"Spiritualist newspaper - No.411, July 9th 1880 - P.20",1880,July
411,136346235.txt,"Spiritualist newspaper - No.412, July 16th 1880 - P.20",1880,July
412,136346236.txt,"Spiritualist newspaper - No.413, July 23rd 1880 - P.20",1880,July
413,136346237.txt,"Spiritualist newspaper - No.414, July 30th 1880 - P.20",1880,July
414,136346239.txt,"Psyche - Volume 21, No.493, March 1882 - K.77.a.7(2)PER",1882,March
415,136346240.txt,"Psyche - Volume 21, No.493, May 1882 - K.77.a.7(2)PER",1882,May
